file,sha256,registered_date
docs/adr/0004-mission-marketplace-separation.md,cf6ef7d1ec8c46aec74db552ba2f7af813246ef71ba3ce5846b40837575b1f13,2026-09-28
docs/adr/0006-remote-state-backend.md,2ccd803b0d13c9d963ff0589565aa701e23072832421d5313a6769e6c9e15e64,2026-09-28
docs/adr/0007-public-marketplace-repository.md,b25d7e35fd2b42a135ccf45d1772861e95b7b992de9027f22ecf23e1e04256c8,2026-09-28
docs/adr/0008-soc2-type-ii-observation.md,6d3eb39b5cfc56e83614b74e9c638956547c8fbe04630da0cfd1dd215849c751,2026-09-28
docs/adr/0009-bugs-found-and-fixed.md,1bd9c52d4c3f7f51e88986046704fba3b1c2f89b8139fe054360534be9cbbe8d,2026-10-07
audit/gdpr-checklist.yml,9728f940a09c4d506271428848cdfac4bc5fd0f728a07b340548feb5fca2b681,2026-09-28
audit/iso27001-checklist.yml,0678f8b9a75285f42b2d94a46d4f5915d629b2f306f13d90697c1d622545bf4e,2026-09-28
audit/pci-dss-checklist.yml,6b1d4ee11e509a3b8ee56ca7ea0a9c115d53c8c0230a0bb7791d93fb7fc4791c,2026-09-28
audit/soc2-checklist.yml,945365e120d490869b8bcb4d549e2cae9164ca135dcfd86d9f6a9667b613e40a,2026-09-28
policy/compliance-gates.yml,a0635c562687246bac4310cbacb37224071dc3558d553582539b4051fadf1b26,2026-10-06
policy/repo-defaults.yml,7490fdc2f91637085551144cc03c6ab5fec5f0c88ba694fac10ac5e4d7234ebb,2026-09-30
repos/jolarca-compliance.yml,d6ebfc5d07cc00ea4028cdd423b37406a9b86a0b00428023d25eeafa007f9d56,2026-10-06
repos/jolarca-consent.yml,2206a143b8f9fa925c001c1c81817cf4eead74b6530e27435cd587e9cb345d85,2026-09-28
repos/jolarca-control.yml,7d968afb281a24b8bc66401d7b9ece977c9e5907e7265210c47f18d6f74f9bde,2026-10-06
repos/jolarca-data.yml,fd1aef194d740d7e2d44df85f6d084242ae8a78e07344dce4257640fc20fc15b,2026-10-06
repos/jolarca-docs.yml,c4414cb329e6241fb978581c6b1860365b961c6013ff92e440ba59f973fea409,2026-10-06
repos/jolarca-dr.yml,09e45ef4c761b342e3a5dced6443d084f120e314cdde8db57ded2f899df7fe42,2026-09-28
repos/jolarca-hermes-agents.yml,3f2f04af7a564ab58aaaa24568e38b6b5080ccc070632da7826080472eb4b34a,2026-09-30
repos/jolarca-identity.yml,5f9869710e50b685a9848f6e78406d98939b23aee82e40aec393ce8831eb804e,2026-09-30
repos/jolarca-infrastructure.yml,6d7fd7e343ea8a85930e3a81acf4950d22f290ef50a0b709b40665072bc08d70,2026-10-06
repos/jolarca-legal.yml,d783b081f7e231db7db1ea22c433b5cef8000dd5b33b70640dcbed17653f6fbe,2026-10-06
repos/jolarca-observability.yml,756e80dd01f17865e184c69f546d7b121150ef3e912535fa065aab9367b708c9,2026-10-06
repos/jolarca-payments.yml,df2ee3bdc27bbd5b99fa7f4104dcb5380818ec404bc7b47228d3e2c6288451df,2026-09-30
repos/jolarca-runbooks.yml,a1920efda6d37b5db5bad23c6fe518be80ff5db597ddf7d758cde337f223ecea,2026-09-28
repos/jolarca-security.yml,896121a4a011525a90e986e34bac2c9a65ae833cdb8a3cc7c0617ce1f6f16384,2026-10-04
repos/jolarca-vendor.yml,c44e6e8403f7d74ee744c6f26e1a76408789a531473717d47e6be6247e073aee,2026-09-28
repos/jolarca.yml,68185422b1f73b981095de309c1ef2a37f97dfccdbabdd0f974f8b0aa48c5832,2026-09-28
docs/runbooks/d31-regulated-records-removal.md,356e0897b62754d31c47f96a02585c87ef84116e63f7b3ee129153a554ba1a49,2026-10-06
docs/runbooks/deployment-rehearsal.md,ce07bd6ef407b9a5850150f61fd35cf018f89d3d119765ec2b2269e1f05e790b,2026-09-28
docs/runbooks/first-commit-pipeline.md,eb9461e3c61f38f13f3faa27dd7231cb273d44d15629c7b83eb31cb5470439ec,2026-10-07
docs/runbooks/github-token-rotation.md,8ae25edeba271a2e67c2ee64f600d341dec3150a6f4414233083d2ee99b7e77f,2026-09-28
docs/runbooks/workload-identity-federation.md,2953cc6ce183d28a7bfed099e1e515e45fd7de603b9d0e18ad0927225579510e,2026-09-28
docs/security/dpia-marketplace-launch.md,125af31733cedd11b75752d91befff024bd8e828d6233f03e1c85533626f4470,2026-09-28
docs/security/f01-l16-synthetic-fixture-acceptance.md,bd4647063bce9a09829ace0b833bf6abc09967505a7b3696733ed4c55034823f,2026-10-07
docs/security/isolation-model.md,2ad5b04e6f134988f6a00eca859bcc18f02fa22c0b88a9ae8c43694991343c80,2026-09-28
docs/security/key-custody.md,4ad42afab2c03472aafdd853cc2886254c1dea2b015cad15e8137e7a62f5db09,2026-09-28
docs/security/soc2-type-i-readiness.md,5d8ba2f3f7bf4bf601f4633d0ed1ade0731718219d02ab02c72a49b2552061c8,2026-09-30
